,Morena,Partido del Trabajo (PT),Partido Verde Ecologista de México (PVEM),Partido Acción Nacional (PAN),Partido Revolucionario Institucional (PRI),Movimiento Ciudadano (MC),Independientes
Morena,0.9993960758624247,0.9991496433606156,0.9996920354784937,0.3824402913023676,0.4529967324991045,0.47956775652071776,0.999631222777804
Partido del Trabajo (PT),0.9991496433606156,0.9989045383190114,0.999464985313626,0.3940466112518546,0.4575560975386792,0.4847424372384688,1.0
Partido Verde Ecologista de México (PVEM),0.9996920354784937,0.999464985313626,1.0,0.3939732893467673,0.45612749044795264,0.48214431388844375,1.0
Partido Acción Nacional (PAN),0.3824402913023676,0.3940466112518546,0.3939732893467673,1.0,0.9459154020993793,0.875808580707343,0.4050914066449619
Partido Revolucionario Institucional (PRI),0.4529967324991045,0.4575560975386792,0.45612749044795264,0.9459154020993793,0.9989071971142913,0.9291795106060722,0.4824812891326644
Movimiento Ciudadano (MC),0.47956775652071776,0.4847424372384688,0.48214431388844375,0.875808580707343,0.9291795106060722,0.9973733455298198,0.5157530817184907
Independientes,0.999631222777804,1.0,1.0,0.4050914066449619,0.4824812891326644,0.5157530817184907,0.0
