,MORENA,PAN,PVEM,PT,PRI,MC,PRD,SG,PES
MORENA,0.9842419234020032,0.7249319187208096,0.9620358438542509,0.9511752713948802,0.7134836763760987,0.7673959497509464,0.8927824207593514,0.7377291664910159,0.9858050319329664
PAN,0.7249319187208096,0.9116760469940945,0.8187604590653282,0.7539501754210332,0.9013432926591288,0.8829878441380467,0.8499304168147409,0.8700033823855997,0.7714284231981984
PVEM,0.9620358438542509,0.8187604590653282,0.9640929988437204,0.8553227970352482,0.879508794377439,0.7488624904904414,0.8442702006935663,0.7947680993860733,0.964171090241832
PT,0.9511752713948802,0.7539501754210332,0.8553227970352482,0.934364852785745,0.7258377272005513,0.786210958643525,0.8696003291621736,0.7681334068959047,0.9455894079638079
PRI,0.7134836763760987,0.9013432926591288,0.879508794377439,0.7258377272005513,0.9554552293892985,0.8993175140968943,0.8426639231212333,0.8522219606323211,0.7911285920017695
MC,0.7673959497509464,0.8829878441380467,0.7488624904904414,0.786210958643525,0.8993175140968943,0.9741820819765118,0.9031835176100654,0.8674644730473243,0.8187603566312908
PRD,0.8927824207593514,0.8499304168147409,0.8442702006935663,0.8696003291621736,0.8426639231212333,0.9031835176100654,0.9055823838133175,0.8350181609649705,0.8959186999388498
SG,0.7377291664910159,0.8700033823855997,0.7947680993860733,0.7681334068959047,0.8522219606323211,0.8674644730473243,0.8350181609649705,0.8444387962968763,0.7472723985780566
PES,0.9858050319329664,0.7714284231981984,0.964171090241832,0.9455894079638079,0.7911285920017695,0.8187603566312908,0.8959186999388498,0.7472723985780566,0.9978172535266688
